problem,run,seed,knownOptimal,gaProfit,gaWeight,gaValid,reachedOptimum,gaNfc,gaTimeMs
p01.kp,1,2142027,309,309,165,true,true,9850,33.202
p01.kp,2,2142028,309,309,165,true,true,9850,9.307
p01.kp,3,2142029,309,309,165,true,true,9850,7.307
p01.kp,4,2142030,309,309,165,true,true,9850,5.032
p01.kp,5,2142031,309,309,165,true,true,9850,4.441
p01.kp,6,2142032,309,309,165,true,true,9850,3.148
p01.kp,7,2142033,309,309,165,true,true,9850,5.609
p01.kp,8,2142034,309,309,165,true,true,9850,3.680
p01.kp,9,2142035,309,309,165,true,true,9850,3.676
p01.kp,10,2142036,309,309,165,true,true,9850,3.650
p01.kp,11,2142037,309,309,165,true,true,9850,3.365
p01.kp,12,2142038,309,309,165,true,true,9850,3.627
p01.kp,13,2142039,309,309,165,true,true,9850,5.612
p01.kp,14,2142040,309,309,165,true,true,9850,4.815
p01.kp,15,2142041,309,309,165,true,true,9850,3.410
p01.kp,16,2142042,309,309,165,true,true,9850,3.277
p01.kp,17,2142043,309,309,165,true,true,9850,3.524
p01.kp,18,2142044,309,309,165,true,true,9850,2.914
p01.kp,19,2142045,309,309,165,true,true,9850,2.816
p01.kp,20,2142046,309,309,165,true,true,9850,3.926
p01.kp,21,2142047,309,309,165,true,true,9850,3.114
p01.kp,22,2142048,309,309,165,true,true,9850,2.968
p01.kp,23,2142049,309,309,165,true,true,9850,2.805
p01.kp,24,2142050,309,309,165,true,true,9850,2.754
p01.kp,25,2142051,309,309,165,true,true,9850,2.925
p01.kp,26,2142052,309,309,165,true,true,9850,3.111
p01.kp,27,2142053,309,309,165,true,true,9850,3.897
p01.kp,28,2142054,309,309,165,true,true,9850,2.781
p01.kp,29,2142055,309,309,165,true,true,9850,3.237
p01.kp,30,2142056,309,309,165,true,true,9850,3.249
p02.kp,1,2142057,51,51,26,true,true,9850,10.861
p02.kp,2,2142058,51,51,26,true,true,9850,5.305
p02.kp,3,2142059,51,51,26,true,true,9850,6.329
p02.kp,4,2142060,51,51,26,true,true,9850,3.285
p02.kp,5,2142061,51,51,26,true,true,9850,4.260
p02.kp,6,2142062,51,51,26,true,true,9850,2.418
p02.kp,7,2142063,51,51,26,true,true,9850,2.641
p02.kp,8,2142064,51,51,26,true,true,9850,3.371
p02.kp,9,2142065,51,51,26,true,true,9850,2.842
p02.kp,10,2142066,51,51,26,true,true,9850,2.665
p02.kp,11,2142067,51,51,26,true,true,9850,2.905
p02.kp,12,2142068,51,51,26,true,true,9850,3.224
p02.kp,13,2142069,51,51,26,true,true,9850,2.316
p02.kp,14,2142070,51,51,26,true,true,9850,2.398
p02.kp,15,2142071,51,51,26,true,true,9850,2.289
p02.kp,16,2142072,51,51,26,true,true,9850,2.545
p02.kp,17,2142073,51,51,26,true,true,9850,5.158
p02.kp,18,2142074,51,51,26,true,true,9850,3.448
p02.kp,19,2142075,51,51,26,true,true,9850,2.748
p02.kp,20,2142076,51,51,26,true,true,9850,2.522
p02.kp,21,2142077,51,51,26,true,true,9850,2.312
p02.kp,22,2142078,51,51,26,true,true,9850,2.590
p02.kp,23,2142079,51,51,26,true,true,9850,2.341
p02.kp,24,2142080,51,51,26,true,true,9850,2.413
p02.kp,25,2142081,51,51,26,true,true,9850,2.653
p02.kp,26,2142082,51,51,26,true,true,9850,2.316
p02.kp,27,2142083,51,51,26,true,true,9850,2.722
p02.kp,28,2142084,51,51,26,true,true,9850,2.521
p02.kp,29,2142085,51,51,26,true,true,9850,2.393
p02.kp,30,2142086,51,51,26,true,true,9850,2.249
p03.kp,1,2142087,150,150,190,true,true,9850,3.734
p03.kp,2,2142088,150,150,190,true,true,9850,2.312
p03.kp,3,2142089,150,150,190,true,true,9850,2.048
p03.kp,4,2142090,150,150,190,true,true,9850,2.862
p03.kp,5,2142091,150,150,190,true,true,9850,2.769
p03.kp,6,2142092,150,150,190,true,true,9850,4.081
p03.kp,7,2142093,150,150,190,true,true,9850,3.316
p03.kp,8,2142094,150,150,190,true,true,9850,3.724
p03.kp,9,2142095,150,150,190,true,true,9850,3.704
p03.kp,10,2142096,150,150,190,true,true,9850,3.078
p03.kp,11,2142097,150,150,190,true,true,9850,2.647
p03.kp,12,2142098,150,150,190,true,true,9850,2.003
p03.kp,13,2142099,150,150,190,true,true,9850,2.084
p03.kp,14,2142100,150,150,190,true,true,9850,3.285
p03.kp,15,2142101,150,150,190,true,true,9850,3.505
p03.kp,16,2142102,150,150,190,true,true,9850,2.947
p03.kp,17,2142103,150,150,190,true,true,9850,2.970
p03.kp,18,2142104,150,150,190,true,true,9850,2.945
p03.kp,19,2142105,150,150,190,true,true,9850,2.687
p03.kp,20,2142106,150,150,190,true,true,9850,3.905
p03.kp,21,2142107,150,150,190,true,true,9850,2.537
p03.kp,22,2142108,150,150,190,true,true,9850,2.141
p03.kp,23,2142109,150,150,190,true,true,9850,2.341
p03.kp,24,2142110,150,150,190,true,true,9850,2.213
p03.kp,25,2142111,150,150,190,true,true,9850,3.102
p03.kp,26,2142112,150,150,190,true,true,9850,3.246
p03.kp,27,2142113,150,150,190,true,true,9850,7.095
p03.kp,28,2142114,150,150,190,true,true,9850,3.637
p03.kp,29,2142115,150,150,190,true,true,9850,2.078
p03.kp,30,2142116,150,150,190,true,true,9850,1.997
p04.kp,1,2142117,107,107,50,true,true,9850,3.635
p04.kp,2,2142118,107,107,50,true,true,9850,3.288
p04.kp,3,2142119,107,107,50,true,true,9850,3.393
p04.kp,4,2142120,107,107,50,true,true,9850,3.244
p04.kp,5,2142121,107,107,50,true,true,9850,3.294
p04.kp,6,2142122,107,107,50,true,true,9850,3.418
p04.kp,7,2142123,107,107,50,true,true,9850,3.569
p04.kp,8,2142124,107,107,50,true,true,9850,4.504
p04.kp,9,2142125,107,107,50,true,true,9850,2.415
p04.kp,10,2142126,107,107,50,true,true,9850,2.709
p04.kp,11,2142127,107,107,50,true,true,9850,3.378
p04.kp,12,2142128,107,107,50,true,true,9850,2.773
p04.kp,13,2142129,107,107,50,true,true,9850,2.388
p04.kp,14,2142130,107,107,50,true,true,9850,3.712
p04.kp,15,2142131,107,107,50,true,true,9850,3.354
p04.kp,16,2142132,107,107,50,true,true,9850,3.035
p04.kp,17,2142133,107,107,50,true,true,9850,1.989
p04.kp,18,2142134,107,107,50,true,true,9850,2.058
p04.kp,19,2142135,107,107,50,true,true,9850,1.986
p04.kp,20,2142136,107,107,50,true,true,9850,2.204
p04.kp,21,2142137,107,107,50,true,true,9850,2.203
p04.kp,22,2142138,107,107,50,true,true,9850,2.091
p04.kp,23,2142139,107,107,50,true,true,9850,3.585
p04.kp,24,2142140,107,107,50,true,true,9850,2.106
p04.kp,25,2142141,107,107,50,true,true,9850,2.159
p04.kp,26,2142142,107,107,50,true,true,9850,2.142
p04.kp,27,2142143,107,107,50,true,true,9850,2.383
p04.kp,28,2142144,107,107,50,true,true,9850,2.128
p04.kp,29,2142145,107,107,50,true,true,9850,2.120
p04.kp,30,2142146,107,107,50,true,true,9850,2.452
p05.kp,1,2142147,900,900,104,true,true,9850,3.254
p05.kp,2,2142148,900,900,104,true,true,9850,2.887
p05.kp,3,2142149,900,900,104,true,true,9850,3.514
p05.kp,4,2142150,900,900,104,true,true,9850,4.102
p05.kp,5,2142151,900,900,104,true,true,9850,2.494
p05.kp,6,2142152,900,900,104,true,true,9850,3.182
p05.kp,7,2142153,900,900,104,true,true,9850,3.399
p05.kp,8,2142154,900,900,104,true,true,9850,4.376
p05.kp,9,2142155,900,900,104,true,true,9850,2.462
p05.kp,10,2142156,900,900,104,true,true,9850,2.896
p05.kp,11,2142157,900,900,104,true,true,9850,2.581
p05.kp,12,2142158,900,900,104,true,true,9850,2.465
p05.kp,13,2142159,900,900,104,true,true,9850,2.434
p05.kp,14,2142160,900,900,104,true,true,9850,3.032
p05.kp,15,2142161,900,900,104,true,true,9850,2.645
p05.kp,16,2142162,900,900,104,true,true,9850,2.461
p05.kp,17,2142163,900,900,104,true,true,9850,2.426
p05.kp,18,2142164,900,900,104,true,true,9850,2.764
p05.kp,19,2142165,900,900,104,true,true,9850,4.023
p05.kp,20,2142166,900,900,104,true,true,9850,2.428
p05.kp,21,2142167,900,900,104,true,true,9850,3.727
p05.kp,22,2142168,900,900,104,true,true,9850,2.543
p05.kp,23,2142169,900,900,104,true,true,9850,2.384
p05.kp,24,2142170,900,900,104,true,true,9850,2.373
p05.kp,25,2142171,900,900,104,true,true,9850,2.426
p05.kp,26,2142172,900,900,104,true,true,9850,2.677
p05.kp,27,2142173,900,900,104,true,true,9850,2.337
p05.kp,28,2142174,900,900,104,true,true,9850,2.294
p05.kp,29,2142175,900,900,104,true,true,9850,2.700
p05.kp,30,2142176,900,900,104,true,true,9850,2.676
p06.kp,1,2142177,1735,1735,169,true,true,9850,2.126
p06.kp,2,2142178,1735,1735,169,true,true,9850,2.081
p06.kp,3,2142179,1735,1735,169,true,true,9850,2.132
p06.kp,4,2142180,1735,1735,169,true,true,9850,2.103
p06.kp,5,2142181,1735,1735,169,true,true,9850,2.084
p06.kp,6,2142182,1735,1735,169,true,true,9850,2.155
p06.kp,7,2142183,1735,1735,169,true,true,9850,2.611
p06.kp,8,2142184,1735,1735,169,true,true,9850,2.240
p06.kp,9,2142185,1735,1735,169,true,true,9850,2.571
p06.kp,10,2142186,1735,1735,169,true,true,9850,2.887
p06.kp,11,2142187,1735,1735,169,true,true,9850,2.126
p06.kp,12,2142188,1735,1735,169,true,true,9850,2.085
p06.kp,13,2142189,1735,1735,169,true,true,9850,3.539
p06.kp,14,2142190,1735,1735,169,true,true,9850,2.175
p06.kp,15,2142191,1735,1735,169,true,true,9850,3.555
p06.kp,16,2142192,1735,1735,169,true,true,9850,2.487
p06.kp,17,2142193,1735,1735,169,true,true,9850,2.525
p06.kp,18,2142194,1735,1735,169,true,true,9850,2.911
p06.kp,19,2142195,1735,1735,169,true,true,9850,2.701
p06.kp,20,2142196,1735,1735,169,true,true,9850,2.608
p06.kp,21,2142197,1735,1735,169,true,true,9850,2.476
p06.kp,22,2142198,1735,1735,169,true,true,9850,2.725
p06.kp,23,2142199,1735,1735,169,true,true,9850,3.937
p06.kp,24,2142200,1735,1735,169,true,true,9850,3.301
p06.kp,25,2142201,1735,1735,169,true,true,9850,2.304
p06.kp,26,2142202,1735,1735,169,true,true,9850,2.265
p06.kp,27,2142203,1735,1735,169,true,true,9850,2.303
p06.kp,28,2142204,1735,1735,169,true,true,9850,2.450
p06.kp,29,2142205,1735,1735,169,true,true,9850,2.284
p06.kp,30,2142206,1735,1735,169,true,true,9850,3.292
p07.kp,1,2142207,1458,1458,749,true,true,9850,11.119
p07.kp,2,2142208,1458,1458,749,true,true,9850,4.305
p07.kp,3,2142209,1458,1458,749,true,true,9850,4.741
p07.kp,4,2142210,1458,1458,749,true,true,9850,4.720
p07.kp,5,2142211,1458,1458,749,true,true,9850,5.529
p07.kp,6,2142212,1458,1458,749,true,true,9850,5.219
p07.kp,7,2142213,1458,1458,749,true,true,9850,5.334
p07.kp,8,2142214,1458,1458,749,true,true,9850,4.228
p07.kp,9,2142215,1458,1458,749,true,true,9850,4.162
p07.kp,10,2142216,1458,1458,749,true,true,9850,4.647
p07.kp,11,2142217,1458,1458,749,true,true,9850,4.820
p07.kp,12,2142218,1458,1458,749,true,true,9850,4.124
p07.kp,13,2142219,1458,1456,750,true,false,9850,4.482
p07.kp,14,2142220,1458,1458,749,true,true,9850,4.275
p07.kp,15,2142221,1458,1458,749,true,true,9850,4.320
p07.kp,16,2142222,1458,1458,749,true,true,9850,3.943
p07.kp,17,2142223,1458,1456,750,true,false,9850,3.966
p07.kp,18,2142224,1458,1456,750,true,false,9850,4.737
p07.kp,19,2142225,1458,1458,749,true,true,9850,6.079
p07.kp,20,2142226,1458,1456,750,true,false,9850,7.969
p07.kp,21,2142227,1458,1455,750,true,false,9850,6.593
p07.kp,22,2142228,1458,1458,749,true,true,9850,5.708
p07.kp,23,2142229,1458,1458,749,true,true,9850,4.462
p07.kp,24,2142230,1458,1458,749,true,true,9850,4.286
p07.kp,25,2142231,1458,1458,749,true,true,9850,4.781
p07.kp,26,2142232,1458,1458,749,true,true,9850,4.489
p07.kp,27,2142233,1458,1458,749,true,true,9850,4.440
p07.kp,28,2142234,1458,1458,749,true,true,9850,4.393
p07.kp,29,2142235,1458,1458,749,true,true,9850,4.292
p07.kp,30,2142236,1458,1456,750,true,false,9850,4.345
p08.kp,1,2142237,13549094,13409018,6394858,true,false,9850,7.131
p08.kp,2,2142238,13549094,13424518,6399202,true,false,9850,5.724
p08.kp,3,2142239,13549094,13515028,6394903,true,false,9850,5.943
p08.kp,4,2142240,13549094,13496616,6400461,true,false,9850,6.489
p08.kp,5,2142241,13549094,13456463,6385781,true,false,9850,6.449
p08.kp,6,2142242,13549094,13438438,6386217,true,false,9850,6.535
p08.kp,7,2142243,13549094,13427176,6388937,true,false,9850,5.724
p08.kp,8,2142244,13549094,13494420,6402127,true,false,9850,6.538
p08.kp,9,2142245,13549094,13386118,6386178,true,false,9850,6.467
p08.kp,10,2142246,13549094,13482886,6383545,true,false,9850,7.105
p08.kp,11,2142247,13549094,13390107,6376952,true,false,9850,7.184
p08.kp,12,2142248,13549094,13368152,6402977,true,false,9850,6.357
p08.kp,13,2142249,13549094,13489043,6403254,true,false,9850,6.751
p08.kp,14,2142250,13549094,13445984,6393165,true,false,9850,6.460
p08.kp,15,2142251,13549094,13386042,6385666,true,false,9850,6.418
p08.kp,16,2142252,13549094,13474183,6373762,true,false,9850,6.519
p08.kp,17,2142253,13549094,13505878,6386705,true,false,9850,6.267
p08.kp,18,2142254,13549094,13397220,6380885,true,false,9850,6.597
p08.kp,19,2142255,13549094,13501943,6383480,true,false,9850,6.519
p08.kp,20,2142256,13549094,13384493,6386349,true,false,9850,10.335
p08.kp,21,2142257,13549094,13443084,6402515,true,false,9850,5.784
p08.kp,22,2142258,13549094,13385630,6360653,true,false,9850,5.993
p08.kp,23,2142259,13549094,13406850,6397756,true,false,9850,5.872
p08.kp,24,2142260,13549094,13416824,6388869,true,false,9850,5.802
p08.kp,25,2142261,13549094,13454349,6403793,true,false,9850,5.765
p08.kp,26,2142262,13549094,13386042,6385666,true,false,9850,5.754
p08.kp,27,2142263,13549094,13330392,6391232,true,false,9850,5.850
p08.kp,28,2142264,13549094,13521334,6392842,true,false,9850,5.738
p08.kp,29,2142265,13549094,13419839,6376019,true,false,9850,5.996
p08.kp,30,2142266,13549094,13427526,6362430,true,false,9850,6.140
